slug,title,total_score,technical_seo,onpage_seo,search_intent,content_quality,internal_linking,entity_relevance,freshness,ctr_potential,content_length,title_length,has_image,has_faq,countries,leaders,topics,conflicts,orgs,views
hormuz-black-sea-chokepoints-iran-ukraine-oil-food-weaponization,"The World's Two Chokepoints Under Siege: How Iran and Ukraine Are Simultaneously Weaponizing Oil and Food",62,15,18,6,13,3,2,5,0,30442,105,N,N,0,0,1,0,0,6
iraq-militia-crisis-september-30-civil-war-risk,"Iraq's Militia Crisis: Why September 30 Could Trigger Civil War",78,15,18,11,13,6,5,5,5,32573,63,N,N,1,1,0,0,0,4
romania-energy-emergency-danube-water-crisis-europe-grid-vulnerability,"Romania's Energy Emergency: What a Water Crisis Reveals About Europe's Grid Vulnerability",69,15,18,7,13,6,5,5,0,32111,89,N,N,1,0,1,0,0,7
leipzig-drone-attack-germany-russia-intelligence-trail,"The Leipzig Drone: Inside the Intelligence Trail Linking a German Airport Attack to Moscow",68,15,18,11,13,3,3,5,0,25505,90,N,N,1,0,0,0,0,6
india-growth-defence-geopolitics-before-after-2014,"India's Long Arc: Comparing Growth, Defence, and Geopolitical Weight Before and After 2014",65,15,18,7,13,3,2,5,2,25464,90,N,N,0,1,0,0,0,69
india-indian-ocean-doctrine-maritime-power-play,"India's Indian Ocean Doctrine: The Maritime Power Play Delhi Hasn't Talked About",67,15,18,7,13,6,3,5,0,25253,80,N,N,2,0,0,0,0,13
viksit-bharat-2047-india-grand-strategy-superpower,"Viksit Bharat 2047: Decoding India's Grand Strategy for Superpower Status",71,15,15,11,10,6,5,5,4,24860,73,N,N,0,1,1,0,1,11
cuba-brink-washington-military-planning-havana,"Cuba on the Brink: Inside Washington's Quiet Military Planning Against Havana",76,15,18,11,10,10,7,5,0,23717,77,N,N,2,3,1,0,0,7
azerbaijan-quiet-leverage-putin-south-caucasus,"Azerbaijan's Quiet Leverage: Why the World's Smallest Big Player Matters to Putin",73,15,15,11,10,10,7,5,0,23967,81,N,N,4,1,1,0,0,18
caspian-convergence-ukraine-iran-wars,"The Caspian Convergence: How One Sea Became the Secret Hinge of the Ukraine and Iran Wars",64,15,15,6,13,6,4,5,0,27287,89,N,N,0,0,1,1,0,5
mecca-defence-pact-turkey-pakistan-saudi-arabia-india-implications,"Turkey-Pakistan-Saudi Arabia's Mecca Pact: What It Means for India's Western Flank",50,15,18,2,10,0,0,5,0,19851,82,N,N,0,0,0,0,0,12
pakistan-shadow-security-problem-non-state-actors-2026,"Pakistan's Shadow Security Problem: Why Islamabad's Ties to Non-State Actors Keep Coming Back to Bite It",54,15,18,6,10,0,0,5,0,20362,104,N,N,0,0,0,0,0,12
yemen-ukraine-convergence-drone-war-distant-fronts-2026,"The Yemen-Ukraine Convergence: How One Global Drone War Is Pulling Two Distant Fronts Together",59,15,18,6,10,3,2,5,0,17757,94,N,N,0,0,0,1,0,22
zelensky-washington-reading-room-ukraine-military-purge-2026,"Zelensky in Washington: Reading the Room After Ukraine's Military Purge",52,15,18,2,10,0,0,5,2,17100,71,N,N,0,0,0,0,0,6
india-uk-ceta-force-2026-meaning-indian-business,"What the India-UK CETA Coming Into Force Means for Indian Business",55,15,18,7,3,3,2,5,2,14357,66,N,N,0,1,0,0,0,8
china-second-strike-milestone-july-2026-slbm-test-nuclear-triad,"China's Second-Strike Milestone: Decoding the July Missile Test Nobody Noticed",61,15,18,7,10,3,3,5,0,17829,78,N,N,1,0,0,0,0,10
hormuz-de-escalation-iran-oman-standoff,"Hormuz De-Escalation: Are Iran and Oman Quietly Ending the Standoff?",69,15,16,7,13,6,5,5,2,35419,68,N,N,2,0,1,0,0,11
ceuta-tragedy-spain-morocco-deadliest-border-crisis-2026,"The Ceuta Tragedy: Inside Spain and Morocco's Deadliest Border Crisis in Modern History",54,15,18,6,10,0,0,5,0,17308,87,N,N,0,0,0,0,0,7
south-korea-gulf-gambit-air-defense-cheongung-uae-saudi-arabia,"South Korea's Gulf Gambit: Inside Seoul's Bid to Solve the Middle East's Air-Defense Problem",47,15,18,6,3,0,0,5,0,14420,92,N,N,0,0,0,0,0,11
brussels-vs-beijing-eu-trade-defense-wall-china-2026,"Brussels vs Beijing: Inside the EU's New Trade Defense Wall Against China",49,15,18,6,3,0,0,5,2,13291,73,N,N,0,0,0,0,0,19
europe-missile-gap-deep-strike-force-2026,"Europe's Missile Gap: Why the Continent Can't Build Its Own Deep-Strike Force Yet",74,15,18,11,15,6,4,5,0,55570,81,N,N,1,0,0,0,1,13
singapore-golden-vault-sovereign-reserve-hub-gold-trading,"Singapore's Golden Vault: How a City-State Became the World's Sovereign Reserve Hub",54,15,18,6,10,0,0,5,0,16834,83,N,N,0,0,0,0,0,17
hafnium-critical-mineral-supply-chain-china-geopolitics,"Hafnium: The Critical Mineral Nobody's Talking About (Until Now)",73,15,18,7,10,10,5,5,3,21551,64,N,N,1,0,5,0,0,14
canada-100-billion-submarine-decision-germany-over-south-korea,"Canada's $100 Billion Snub to Asia: Why Ottawa Picked Germany Over South Korea for Its Submarines",75,15,18,11,10,10,4,5,2,17272,97,N,N,3,0,0,0,1,11
truce-broke-iran-war-return-combat-islamabad-memorandum-collapse,"The Truce That Broke: Inside the Iran War's Sudden Return to Full-Scale Combat",54,15,18,6,10,0,0,5,0,16896,78,N,N,0,0,0,0,0,10
britain-nationalises-steel-economic-nationalism-returns,"Britain Nationalises Steel: What It Signals About the Return of Economic Nationalism",53,15,18,2,13,0,0,5,0,39279,84,N,N,0,0,0,0,0,9
floating-barrier-china-south-china-sea,"The Floating Barrier: China's Quiet New Move in the South China Sea",75,15,15,7,13,10,8,5,2,36639,67,N,N,2,0,1,1,1,74
turkey-arms-export-boom-eleventh-largest-weapons-supplier,"Turkey's Arms Export Boom: How Ankara Became the World's 11th-Largest Weapons Supplier",64,15,18,6,13,3,2,5,2,36450,86,N,N,0,0,1,0,0,24
franco-german-nuclear-umbrella-merz-macron-deterrence-pact,"Franco-German Nuclear Umbrella: Inside the Merz-Macron Deterrence Pact for Europe",80,15,18,11,13,10,8,5,0,38698,81,N,N,3,1,1,0,1,10
digital-currency-race-china-ecny-india-erupee-swift-replacement,"The Digital Currency Race: Inside China's e-CNY, India's e-Rupee, and the Real Battle to Replace SWIFT",62,15,18,6,10,6,2,5,0,21623,102,N,N,0,0,2,0,0,43
canada-under-pressure-tariffs-annexation-north-america,"Canada Under Pressure: Tariffs, Annexation Talk, and the Fracturing of North America",73,15,18,7,13,10,5,5,0,28978,84,N,N,2,3,0,0,0,9
water-wars-nile-dam-crisis-indus-treaty-blueprint,"Water Wars: The Nile Dam Crisis and the Blueprint for India-Pakistan's Indus Treaty",69,15,18,7,13,6,5,5,0,30920,83,N,N,1,0,1,0,0,6
nigeria-west-african-coup-belt-jihadist-frontline,"Nigeria and the West African Coup Belt: Africa's New Jihadist Frontline",76,15,18,7,13,10,6,5,2,31529,71,N,N,1,1,0,0,2,9
bangladesh-after-hasina-yunus-india-fault-line,"Bangladesh After Hasina: Yunus, India, and South Asia's New Fault Line",76,15,18,7,13,10,6,5,2,27891,70,N,N,1,3,0,0,1,14
global-debt-bomb-sovereign-debt-geopolitical-weapon,"The Global Debt Bomb: Why Sovereign Debt Is Becoming the Next Geopolitical Weapon",62,15,18,6,10,6,3,4,0,21322,81,N,N,0,0,2,0,1,16
venezuela-crisis-2026-trump-western-hemisphere-gambit,"Venezuela Crisis 2026: Inside Trump's Western Hemisphere Gambit",85,15,18,15,13,10,5,4,5,28750,63,N,N,3,2,0,0,0,15
asean-consensus-diplomacy-explained,"ASEAN's Consensus Diplomacy Explained: The Doctrine That Built Southeast Asian Peace and Now Constrains It",65,15,18,6,13,6,3,4,0,26330,106,N,N,0,0,0,2,1,30
is-russia-still-a-great-power,"Is Russia Still a Great Power? Decoding the Erosion and Endurance of Moscow's Global Standing",77,15,18,7,13,10,10,4,0,31431,93,N,N,1,1,3,1,1,34
can-china-escape-middle-income-trap-2026-economic-analysis,"Can China Escape the Middle-Income Trap? Inside the Structural Reckoning Reshaping the World's Second Economy",67,15,18,11,13,3,3,4,0,26247,109,N,N,1,0,0,0,0,41
why-india-matters-more-than-ever-economic-strategic-rise-2026,"Why India Matters More Than Ever: Inside the Convergence That Made New Delhi Indispensable",53,15,18,6,10,0,0,4,0,22767,90,N,N,0,0,0,0,0,12
us-china-diplomatic-competition-explained-trump-xi-summit-2026,"US-China Diplomatic Competition Explained: Inside the Summit Season That Changed Nothing and Everything",67,15,18,11,13,3,3,4,0,28088,103,N,N,1,0,0,0,0,14
india-multi-alignment-strategy-explained,"India's Multi-Alignment Strategy Explained: Strategic Autonomy in a Fractured World Order",66,15,18,6,10,10,3,4,0,24286,89,N,N,0,0,1,0,3,20
the-end-of-globalization-why-the-world-economy-is-fragmenting-not-disappearing,"The End of Globalization? Why the World Economy Is Fragmenting, Not Disappearing",58,15,18,6,15,0,0,4,0,50247,80,N,N,0,0,0,0,0,13
the-third-pole-india-s-bid-to-shape-the-emerging-multipolar-world-order,"The Third Pole: India's Bid to Shape the Emerging Multipolar World Order",61,15,18,2,15,3,2,4,2,48851,72,N,N,0,0,1,0,0,16
can-india-replace-china-in-global-supply-chains,"Can India Replace China in Global Supply Chains?",71,15,18,7,13,6,5,4,3,30481,48,N,N,2,0,1,0,0,18
india-rise-global-manufacturing-power-china-plus-one-pli,"India's Manufacturing Ascent: How the World's Most Populous Nation Is Becoming the China Alternative",55,15,15,6,15,0,0,4,0,45726,100,N,N,0,0,0,0,0,17
operation-midnight-hammer-global-deterrence-nuclear-doctrine,"Midnight Hammer: How One Night Over Iran Rewrote the Rules of Global Deterrence",63,15,18,6,15,3,2,4,0,47707,79,N,N,0,0,1,0,0,14
information-warfare-battle-narrative-control-ai-disinformation-2026,"Information Warfare: Inside the Battle for Narrative Control in the Age of AI",66,15,18,6,15,6,2,4,0,50429,77,N,N,0,0,2,0,0,18
strategic-assassinations-modern-geopolitics-targeted-killing-doctrine,"The Death of the Assassination Ban: How Targeted Killing Became the Default Tool of 21st Century Statecraft",57,15,15,6,15,0,0,4,2,50197,107,N,N,0,0,0,0,0,12
proxy-warfare-cheapest-way-fight-global-wars-iran-russia-china,"Proxy Warfare: Why Renting Wars Has Become Every Great Power's Weapon of Choice",68,15,18,11,15,3,2,4,0,47691,79,N,N,0,1,0,0,0,7
cyber-espionage-replacing-traditional-spying-humint-sigint-transformation,"The End of the Dead Drop: How Cyber Espionage Is Displacing — and Transforming — Traditional Spying",63,15,18,6,15,3,2,4,0,52183,99,N,N,0,0,1,0,0,61
intelligence-agencies-modern-hybrid-warfare-russia-china-gray-zone,"The Shadow War: How Intelligence Agencies Became the Primary Weapon of Modern Hybrid Warfare",55,15,15,6,15,0,0,4,0,52770,92,N,N,0,0,0,0,0,9
arctic-next-great-power-battlefield-russia-nato-china-greenland,"The Arctic Awakening: Why the Melting North Has Become the Next Great Power Battlefield",58,15,18,6,15,0,0,4,0,47458,87,N,N,0,0,0,0,0,8
battle-for-africa-china-west-minerals-infrastructure-influence,"The Battle for Africa: Inside the New Scramble Between China and the West for the Continent That Will Define This Century",58,15,18,6,15,0,0,4,0,53787,121,N,N,0,0,0,0,0,12
suez-canal-2026-strategic-importance-global-trade-egypt,"The Suez Canal in 2026: Why the World's Most Consequential Waterway Still Defines Global Trade",64,15,18,10,15,0,0,4,2,42441,94,N,N,0,0,0,0,0,123
malacca-strait-worlds-most-dangerous-trade-route-china-dilemma,"The Phillips Channel Problem: Why the Strait of Malacca Is the World's Most Dangerous Trade Route",63,15,18,6,15,3,2,4,0,48020,97,N,N,0,0,0,1,0,33
strait-of-hormuz-global-oil-security-analysis,"The World's Most Dangerous Chokepoint: Why the Strait of Hormuz Still Decides the Price of Every Barrel on Earth",56,15,18,6,13,0,0,4,0,36376,112,N,N,0,0,0,0,0,16
data-colonialism-nations-fight-over-information-analysis,"Data Colonialism: How the World's Most Valuable Resource Became a Battleground for National Sovereignty",58,15,18,6,15,0,0,4,0,41003,103,N,N,0,0,0,0,0,10
semiconductor-sovereignty-new-industrial-war-chips-act-reshoring,"Semiconductor Sovereignty: Inside the New Industrial War for Chip Independence",58,15,18,6,15,0,0,4,0,54148,78,N,N,0,0,0,0,0,18
starlink-warfare-space-internet-military-geopolitics-ukraine-china,"Starlink Warfare: How a Private Satellite Network Became the Most Consequential Weapon — and Liability — in Modern Geopolitics",55,15,15,6,15,0,0,4,0,58177,126,N,N,0,0,0,0,0,11
quantum-computing-national-security-risks-q-day-cryptography-us-china,"Q-Day and the Quantum Reckoning: How Quantum Computing Is Becoming the Most Dangerous National Security Threat of the Century",55,15,15,6,15,0,0,4,0,63985,125,N,N,0,0,0,0,0,10
military-ai-arms-race-autonomous-weapons-us-china-future-warfare,"The Algorithm of Power: How the Military AI Arms Race Will Determine the Fate of Nations in the 21st Century",62,15,15,6,15,3,2,4,2,60105,108,N,N,0,0,1,0,0,13
new-energy-map-red-sea-crisis-hormuz-cape-good-hope-global-trade-routes,"The New Energy Map: How the Red Sea Crisis and Hormuz Blockade Permanently Rewrote the Architecture of Global Trade",55,15,15,6,15,0,0,4,0,54272,115,N,N,0,0,0,0,0,9
economic-corridors-vs-naval-chokepoints-global-power-analysis,"Corridors Against Chokepoints: The Battle to Control the World's Economic Arteries and Redraw the Geography of Global Power",51,15,15,2,15,0,0,4,0,50739,123,N,N,0,0,0,0,0,15
gold-strategic-central-banks-geopolitical-analysis,"The Return of the Golden Shield: Why Central Banks Are Accumulating Gold at Record Pace and What It Means for the Future of Global Finance",55,15,15,6,15,0,0,4,0,51446,138,N,N,0,0,0,0,0,13
global-de-dollarization-movement-explained-analysis,"The End of Dollar Dominance? Inside the Global De-Dollarization Movement and the Race to Rewrite the Rules of International Finance",60,15,15,6,15,3,2,4,0,49743,131,N,N,0,0,1,0,0,13
weaponization-swift-financial-warfare-modern-geopolitics-analysis,"The Dollar as a Weapon: How SWIFT Became the Most Powerful Non-Military Instrument in Modern Geopolitics",63,15,18,6,15,3,2,4,0,49978,104,N,N,0,0,1,0,0,7
strategic-risk-simultaneous-multi-theatre-wars-analysis,"The Four-Front Nightmare: How Simultaneous Multi-Theatre Wars Are Overwhelming the Architecture of American Strategic Power",55,15,15,6,15,0,0,4,0,48372,123,N,N,0,0,0,0,0,13
north-korea-nuclear-expansion-strategy-analysis,"The Hermit Kingdom Goes Nuclear: Inside North Korea's Most Dangerous Strategic Gamble and What It Means for Global Security",55,15,15,6,15,0,0,4,0,54723,123,N,N,0,0,0,0,0,9
south-china-sea-world-war-three-trigger-escalation-analysis,"The Sea That Could Start World War III: Inside the South China Sea's Escalation Architecture and the Thin Line Between Crisis and Catastrophe",55,15,15,6,15,0,0,4,0,49661,141,N,N,0,0,0,0,0,10
russia-ukraine-war-next-phase-frozen-conflict-escalation-analysis,"The War Without an Exit: Russia-Ukraine's Next Phase — Frozen Conflict, Negotiated Settlement, or Dangerous Escalation?",62,15,15,7,15,3,3,4,0,49393,119,N,N,1,0,0,0,0,11
iran-nuclear-program-regional-war-risk-islamabad-memorandum-2026,"After the War: Will Iran's Nuclear Program Trigger a Second, Wider Regional War?",61,15,15,7,15,3,2,4,0,50261,80,N,N,0,1,0,0,0,6
middle-powers-rising-turkey-saudi-arabia-india-analysis,"The Middle Power Moment: Why Turkey, Saudi Arabia, and India Now Hold the Keys to a Fracturing Global Order",55,15,15,6,15,0,0,4,0,43247,107,N,N,0,0,0,0,0,7
united-nations-great-power-rivalry-survival-analysis,"The Institution That Cannot Fail: Can the United Nations Survive the Return of Great Power Rivalry?",51,15,15,2,15,0,0,4,0,50360,99,N,N,0,0,0,0,0,5
future-of-g20-fragmented-world-analysis,"The Forum That Refuses to Die: Can the G20 Survive a World It Was Never Built For?",53,15,15,2,15,0,0,4,2,47431,82,N,N,0,0,0,0,0,2
india-worlds-ultimate-swing-power-strategic-analysis,"The Indispensable Balancer: Is India Becoming the World's Ultimate Swing Power in a Fracturing Global Order?",51,15,15,2,15,0,0,4,0,47989,108,N,N,0,0,0,0,0,8
russia-china-iran-strategic-bloc-formation-analysis,"The New Axis: How Russia, China, and Iran Are Forging a Strategic Bloc to Challenge the American-Led Order",55,15,15,6,15,0,0,4,0,52417,106,N,N,0,0,0,0,0,25
indo-pacific-strategy-explained-geopolitical-analysis,"The Indo-Pacific Doctrine: How the World's Most Contested Strategic Theatre Is Being Fought, Shaped, and Contested for the Next Century",60,15,15,6,15,3,2,4,0,62406,135,N,N,0,0,0,1,0,19
what-is-quad-strategic-role-indo-pacific-analysis,"The Quadrilateral Awakening: What the QUAD Is, Why It Was Reborn, and How It Is Reshaping the Indo-Pacific Strategic Order",59,15,15,6,15,3,1,4,0,56599,122,N,N,0,0,0,0,1,8
what-is-nato-future-geopolitical-analysis,"The Alliance at the Crossroads: What NATO Is, What It Has Become, and Whether It Can Survive the Age of Great Power Competition",55,15,15,2,15,3,1,4,0,52102,127,N,N,0,0,0,0,1,5
what-is-brics-why-it-matters-geopolitical-analysis,"The New World Order in Formation: What BRICS Is, What It Has Become, and Why Every Major Power Is Watching",64,15,15,6,15,6,3,4,0,47341,106,N,N,0,0,1,0,1,4
global-food-security-risks-war-geopolitical-analysis,"Hunger as a Weapon: How Modern Wars Are Dismantling Global Food Security and Redrawing the Architecture of Power",58,15,18,6,15,0,0,4,0,48210,112,N,N,0,0,0,0,0,6
europe-energy-security-russia-gas-lng-nuclear-renewables-geopolitics,"Europe's Energy Reckoning: From Russian Dependence to a New Strategic Vulnerability in the Age of Multipolarity",55,15,15,6,15,0,0,4,0,54597,111,N,N,0,0,0,0,0,3
rare-earth-mineral-wars-china-dominance-critical-minerals-geopolitics,"The Rare Earth Reckoning: How China's Mineral Monopoly Became the Most Dangerous Weapon in Geopolitics",60,15,15,6,15,3,2,4,0,54802,102,N,N,0,0,1,0,0,6
us-china-semiconductor-war-chip-export-controls-ai-supremacy,"Silicon Supremacy: The US-China Semiconductor War and the Battle for the Future of Artificial Intelligence",62,15,15,7,15,3,3,4,0,48168,106,N,N,1,0,0,0,0,713
brics-currency-threat-to-usd-dollar-dedollarization-geopolitics,"BRICS Currency Ambition vs. Dollar Reality: The Geopolitics of Global Monetary Power in the Age of Multipolarity",60,15,15,2,15,6,3,4,0,43527,112,N,N,0,0,1,0,1,3
weaponizing-culture-entertainment-social-media-new-frontlines-geopolitics,"Weaponizing Culture: How Entertainment and Social Media Have Become the New Frontlines of Geopolitics",55,15,15,6,15,0,0,4,0,53290,101,N,N,0,0,0,0,0,12
future-dollar-global-trade-reserve-currency-2026,"The Future of the Dollar in Global Trade 2026",61,15,18,6,13,0,0,4,5,39765,45,N,N,0,0,0,0,0,7
china-belt-road-initiative-explained-2026,"China's Belt and Road Initiative Explained: The Infrastructure Empire Building the New World Order",67,15,18,11,13,3,3,4,0,36935,98,N,N,1,0,0,0,0,27
global-supply-chain-risks-2026-geopolitics-trade-disruption,"Global Supply Chain Risks in 2026: The Fracturing of the World's Economic Nervous System",62,15,15,6,15,3,2,4,2,52998,88,N,N,0,0,1,0,0,1103
red-sea-crisis-world-trade-geopolitics-houthi-shipping,"The Red Sea Crisis: How Houthi Aggression Is Rewiring Global Trade and the Geopolitics of Maritime Power",64,15,15,6,15,6,3,4,0,44082,104,N,N,0,0,1,0,1,6
oil-geopolitics-2026-who-controls-global-energy,"Oil Geopolitics 2026: Who Really Controls Global Energy?",84,15,18,11,15,10,6,4,5,46021,56,N,N,7,0,1,0,1,7
space-warfare-satellite-security-risks-2026,"Space Warfare and Satellite Security Risks in 2026",75,15,18,11,13,6,3,4,5,38000,50,N,N,3,0,0,0,0,6
cyber-warfare-invisible-battlefield-2026,"Cyber Warfare: The Invisible Battlefield of 2026",81,15,18,11,13,10,5,4,5,34964,48,N,N,4,0,1,0,0,7
ai-modern-warfare-explained-2026,"AI in Modern Warfare Explained: How Algorithms Are Shortening the Kill Chain",72,15,18,11,13,6,5,4,0,31000,76,N,N,2,0,0,1,0,5
future-of-drone-warfare-autonomous-swarms-2026," The Future of Drone Warfare: How Autonomous Swarms Are Rewriting the Rules of War",76,15,15,11,13,10,8,4,0,34163,82,N,N,3,0,1,1,1,33
 recep-tayyip-erdogan-strategic-role-2026,"Recep Tayyip Erdoğan's Strategic Role: The Master of the Middle Position",78,15,15,11,13,10,8,4,2,30387,72,N,N,4,2,2,0,2,3
israel-iron-dome-defence-system-explained,"Israel’s Iron Dome Defence System Explained: Capabilities, Limits and Strategic Impact",78,15,18,11,15,10,5,4,0,41977,86,N,N,3,1,0,0,0,6
nato-vs-russia-military-comparison-war-readiness,"NATO vs Russia Military Comparison: Forces, Firepower and War Readiness",77,15,16,7,15,10,8,4,2,46681,71,N,N,5,2,1,0,1,15
india-defence-modernization-roadmap-2035,"India’s Defence Modernization Roadmap: Building Power for a Two-Front Era",77,15,18,7,15,10,6,4,2,54841,73,N,N,3,1,0,0,1,7
china-naval-expansion-strategy-2026,"China's Naval Expansion: The Fleet That Is Reshaping the Pacific",80,15,18,7,13,10,10,4,3,36982,64,N,N,4,1,1,1,1,21
hypersonic-weapons-race-explained-2026,"Hypersonic Weapons Race: Who's Winning and What's at Stake",74,15,18,7,13,10,4,4,3,35990,58,N,N,3,0,0,0,1,9
top-10-strongest-militaries-in-the-world-2026-1782109832354,"Top 10 Strongest Militaries in the World 2026",79,15,15,11,15,10,4,4,5,40928,45,N,N,8,0,0,0,1,4
top-10-strongest-militaries-in-the-world-2026,"Top 10 Strongest Militaries in the World 2026",79,15,15,11,15,10,4,4,5,40928,45,N,N,8,0,0,0,1,16
zelensky-vs-putin-leadership-comparison-2026,"Zelensky vs Putin: A Wartime Leadership Comparison",77,15,18,7,13,10,7,4,3,32572,50,N,N,2,3,1,0,0,12
ali-khamenei-israel-strategic-outlook-iran-war,"Ali Khamenei vs Israel: How the Shadow War Became a Regional Conflict",80,15,18,11,15,10,5,4,2,55888,69,N,N,3,3,0,0,0,4
joe-bidens-legacy-global-strategy-2026,"Joe Biden's Legacy in Global Strategy: An 18-Month Verdict",84,15,18,11,13,10,8,4,5,32006,58,N,N,3,2,0,1,2,4
olaf-scholz-germany-military-repositioning-zeitenwende,"Olaf Scholz and Germany’s Military Repositioning: The Zeitenwende Legacy",75,15,18,7,15,10,4,4,2,52420,72,N,N,3,0,0,0,1,4
macron-european-defence-strategy-2026,"Macron's European Defence Strategy: France's Nuclear Gambit",82,15,18,11,13,10,8,4,3,34665,59,N,N,3,1,1,0,1,1
mbs-vision-2030-geopolitics-2026,"MBS's Vision 2030 Geopolitics: The Reckoning Phase",68,15,18,7,13,3,3,4,5,34148,50,N,N,1,0,0,0,0,2
kim-jong-un-nuclear-strategy-explained-2026,"Kim Jong Un's Nuclear Strategy Explained: The Arsenal That Is No Longer a Bluff",73,15,15,11,13,10,5,4,0,31009,79,N,N,5,1,0,0,0,4
ayatollah-khamenei-iran-strategy-legacy-2026," Ayatollah Khamenei's Iran Strategy: Four Decades That Ended in Fire",71,15,15,11,13,6,5,4,2,27667,68,N,N,2,1,0,0,0,10
benjamin-netanyahu-regional-strategy-2026,"Benjamin Netanyahu's Regional Strategy 2026: The Super-Sparta Doctrine",83,15,15,15,13,10,7,4,4,38769,70,N,N,3,3,0,1,0,3
volodymyr-zelensky-war-leadership-analysis-2026,"Volodymyr Zelensky's War Leadership Analysis: The Weight of Survival",76,15,15,11,13,10,6,4,2,36523,68,N,N,2,3,0,0,1,4
donald-trump-foreign-policy-predictions-2026,"Donald Trump's Foreign Policy Predictions: The Doctrine of Disruption",77,15,18,7,13,10,8,4,2,38336,69,N,N,7,5,1,0,1,18
vladimir-putin-war-doctrine-explained-2026,"Vladimir Putin's War Doctrine Explained: The Strategy Behind the Violence",78,15,15,11,15,10,6,4,2,40982,73,N,N,2,3,0,0,2,6
xi-jinping-long-term-strategic-vision-2026,"Xi Jinping's Long-Term Strategic Vision: Patience as Power",84,15,18,11,13,10,10,4,3,30684,58,N,N,2,2,2,1,1,11
narendra-modi-strategic-global-influence-2026,"Narendra Modi's Strategic Global Influence: India's 2026 Playbook",88,15,18,15,13,10,8,4,5,29885,65,N,N,4,4,1,0,2,15
iran-strategic-intelligence-report-2026,"Iran Strategic Intelligence Report 2026: A Regime Under Siege",87,15,18,15,13,10,7,4,5,31582,61,N,N,2,1,1,0,0,14
israel-strategic-intelligence-report-2026,"Israel Strategic Intelligence Report 2026: War on Every Front",87,15,18,15,13,10,7,4,5,31456,61,N,N,3,4,0,1,0,7
united-states-strategic-intelligence-report-2026,"United States Strategic Intelligence Report 2026: Power, Pressure and the New American Doctrine",87,15,18,15,15,10,8,4,2,42720,95,N,N,5,3,1,0,2,7
russia-strategic-intelligence-report-2026,"Russia Strategic Intelligence Report 2026: A War Economy's Limits",89,15,18,15,13,10,9,4,5,33785,65,N,N,2,2,1,1,0,8
china-strategic-intelligence-report-2026,"China Strategic Intelligence Report 2026: Power and Limits",87,15,18,15,13,10,7,4,5,36406,58,N,N,2,2,1,0,0,4
india-strategic-intelligence-report-2026,"India Strategic Intelligence Report 2026: Power in Flux",88,15,18,15,13,10,8,4,5,35924,55,N,N,4,2,1,0,2,18
south-china-sea-flashpoints-to-watch-in-2026,"South China Sea Flashpoints to Watch in 2026",82,15,18,11,13,10,6,4,5,33010,44,N,N,4,0,0,1,1,8
hamas-israel-war-timeline-analysis-2023-2026,"Hamas-Israel War Timeline Analysis: 2023 to 2026",83,15,18,15,13,6,7,4,5,25228,48,N,N,1,1,0,1,0,5
ukraine-nato-membership-risks-2026,"Ukraine's NATO Membership Risk: Trading the Alliance for a Promise",74,15,15,7,13,10,8,4,2,27575,66,N,N,2,2,1,0,1,3
myanmar-civil-war-strategic-breakdown-2026,"Myanmar Civil War Strategic Breakdown: Five Years of Fragmented Sovereignty",76,15,15,11,13,10,6,4,2,29574,75,N,N,3,0,2,0,1,110
kashmir-geopolitical-timeline-2026," Kashmir Geopolitical Timeline: From Partition to the Post-Pahalgam Order",76,15,18,7,13,10,7,4,2,28530,73,N,N,3,1,2,0,0,9
india-pakistan-conflict-risk-2026,"India-Pakistan Conflict Risk in 2026: The New Normal of Calibrated Brinkmanship",80,15,18,11,13,10,7,4,2,30298,79,N,N,2,2,3,0,0,5
pakistan-afghanistan-border-tensions-2026,"Pakistan-Afghanistan Border Tensions: Inside South Asia's Newest Open War",74,15,18,11,13,6,5,4,2,31372,73,N,N,1,0,1,0,0,3
red-sea-crisis-global-trade-impact-2026,"Red Sea Crisis: The Chokepoint Reshaping World Trade",69,15,18,7,13,6,3,4,3,34675,52,N,N,3,0,0,0,0,8
hezbollah-vs-israel-what-comes-after-the-2026-war,"Hezbollah vs Israel: What Comes After the 2026 War",81,15,18,11,13,10,5,4,5,35471,50,N,N,3,2,0,0,0,2
sahel-region-crisis-explained-2026,"Sahel Crisis 2026: Africa's Expanding Jihadist War",66,15,18,6,13,3,2,4,5,34748,50,N,N,0,0,1,0,0,8
ethiopia-tigray-conflict-deep-analysis-2026,"Ethiopia-Tigray: The Horn of Africa's Next War?",55,15,18,2,13,0,0,4,3,34068,47,N,N,0,0,0,0,0,8
serbia-kosovo-tensions-explained-2026,"Serbia-Kosovo Tensions: The Balkans' Live Fault Line",59,15,18,2,13,3,1,4,3,38713,52,N,N,0,0,0,0,1,13
armenia-azerbaijan-conflict-analysis-2026,"Armenia-Azerbaijan: Peace Deal's Fragile New Reality",75,15,18,7,13,10,5,4,3,32816,52,N,N,5,1,0,0,0,7
sudan-crisis-why-it-matters-globally-2026,"Sudan's Forgotten War: Why It's a Global Crisis",73,15,18,11,13,6,3,4,3,33906,47,N,N,3,0,0,0,0,6
syria-conflict-current-power-map-2026,"Syria's Power Map 2026: Sharaa's Fragile Republic",75,15,18,11,13,6,3,4,5,38488,49,N,N,3,0,0,0,0,14
yemen-civil-war-strategic-importance-2026,"Yemen's Strategic Chokehold: Why the World Cannot Look Away",77,15,18,11,13,10,3,4,3,38305,59,N,N,5,0,0,0,0,6
iran-israel-proxy-war-explained-2026,"Iran-Israel Proxy War Explained: From Shadow War to Open War",79,15,18,11,13,10,5,4,3,37065,60,N,N,2,3,0,0,0,6
israel-palestine-conflict-escalation-risk-map-2026,"Israel-Palestine Conflict: 2026 Escalation Risk Map",83,15,18,11,13,10,7,4,5,32287,51,N,N,2,2,0,1,0,2
russia-ukraine-war-timeline-strategic-analysis-2026,"Russia-Ukraine War 2026: Timeline and Strategic Analysis",86,15,18,15,13,10,6,4,5,38036,56,N,N,2,3,0,0,1,8
korean-peninsula-nuclear-future-analysis-2026,"Korean Peninsula Nuclear Future: Inside the 2026 Arms Race",87,15,18,15,15,10,5,4,5,40510,58,N,N,2,2,0,0,0,9
philippines-south-china-sea-escalation-2026,"Philippines and South China Sea Escalation: Inside the 2026 Flashpoint",89,15,18,15,15,10,8,4,4,40284,70,N,N,2,1,0,1,1,30
aukus-alliance-explained-2026,"The AUKUS Alliance Explained: Inside the Submarine Pact Under Strain",79,15,18,11,13,10,6,4,2,27061,68,N,N,4,1,0,0,1,5
 australia-strategic-role-against-china-2026,"Australia's Strategic Role Against China: Building Deterrence at the Edge of the Indo-Pacific",77,15,18,11,13,10,6,4,0,27801,93,N,N,4,0,1,0,1,4
asean-role-global-stability-2026,"ASEAN's Role in Global Stability: Centrality Under Maximum Strain",78,15,18,7,13,10,8,4,3,28259,65,N,N,2,0,1,1,1,1
 japan-military-expansion-regional-security-2026,"Japan's Military Expansion and Regional Security: The Pacifist Nation Rearms",71,15,18,7,13,10,4,4,0,28131,76,N,N,3,0,0,0,1,9
 india-china-border-tensions-future-risks-2026," India-China Border Tensions: Future Risks Behind the Himalayan Thaw",77,15,18,7,13,10,8,4,2,28978,68,N,N,3,2,2,0,1,12
 taiwan-crisis-strategic-scenarios-explained-2026,"Taiwan Crisis: Strategic Scenarios Explained for 2026 and Beyond",85,15,18,15,13,10,5,4,5,29177,64,N,N,2,2,0,0,0,4
why-south-china-sea-matters-global-strategy-2026,"Why the South China Sea Matters in Global Strategy: The Sea That Decides the Century",76,15,15,11,13,10,8,4,0,26168,84,N,N,3,0,1,1,1,37
strategic-importance-arctic-territories-2026,"The Strategic Importance of Arctic Territories: The Ice Is Melting, the Stakes Are Rising",79,15,18,11,13,10,8,4,0,27840,89,N,N,3,1,1,0,1,6
geopolitics-rare-earth-minerals-2026,"The Geopolitics of Rare Earth Minerals: The New Oil War Nobody Can Win Alone",74,15,18,7,13,10,7,4,0,28629,76,N,N,4,2,1,0,0,14
how-sanctions-changing-international-politics-2026,"How Sanctions Are Changing International Politics: The Weapon That Is Reshaping Its Own Battlefield",81,15,18,11,13,10,10,4,0,28224,99,N,N,4,1,2,1,1,4
 nato-future-unstable-europe-2026," NATO's Future in an Unstable Europe: Alliance at the Breaking Point",74,15,15,7,13,10,8,4,2,30004,68,N,N,2,3,0,1,1,3
global-south-growing-strategic-influence-2026," The Global South and Its Growing Strategic Influence: Power Without a Center",77,15,18,11,13,10,6,4,0,26681,77,N,N,2,0,3,0,1,11
india-strategic-position-new-cold-war-2026,"India's Strategic Position in the New Cold War: The Last Great Balancing Act",79,15,18,11,13,10,8,4,0,29973,76,N,N,4,3,2,0,2,4
china-long-term-global-expansion-strategy-2026,"China's Long-Term Global Expansion Strategy: Inside Beijing's Blueprint for World Power",75,15,15,11,13,10,7,4,0,30867,87,N,N,3,1,1,0,0,11
decline-of-unipolarity-us-dominance-fading-2026,"The Decline of Unipolarity: Is American Dominance Really Fading in 2026?",81,15,18,11,13,10,6,4,4,31013,72,N,N,3,1,0,0,1,5
how-brics-reshaping-global-power-2026,"How BRICS Is Reshaping Global Power in 2026: Inside the Quiet Revolution",84,15,18,15,13,10,5,4,4,33939,72,N,N,0,4,3,0,2,6
indo-pacific-new-global-battleground-2026,"Indo-Pacific: The New Global Battleground Where the 21st Century Will Be Won or Lost",76,15,15,7,13,10,10,4,2,39791,84,N,N,2,3,1,1,2,11
multipolar-world-order-2026-global-power-shift,"The Multipolar World Order in 2026: How the Architecture of Global Power Is Being Permanently Rewritten",81,15,15,15,15,10,5,4,2,40540,103,N,N,0,4,2,0,2,36
trump-diplomacy-ukraine-ceasefire-beijing-summit-iran-2026,"Trump's Triple Diplomatic Gambit: Ukraine Ceasefire, Beijing Summit and the Iran Endgame",67,15,15,7,13,10,5,2,0,29880,88,N,N,4,0,1,0,0,18
strait-of-hormuz-crisis-2026,"The 2026 Strait of Hormuz Crisis: A Global Catastrophe",70,15,15,11,13,6,3,2,5,26789,54,N,N,2,0,0,0,0,24535
indias-strategic-awakening-why-geopolitics-is-no-longer-just-for-diplomats,"India's Strategic Awakening: Why Geopolitics Is No Longer Just for Diplomats",74,15,18,11,13,10,5,2,0,31124,76,N,N,4,0,1,0,0,36